{
  "timestamp": "20260109_194621",
  "generation": 0,
  "step": 200,
  "best_fitness": 200.0,
  "count": 5,
  "networks": [
    {
      "fitness": 200.0,
      "food_collected": 1,
      "distance_traveled": 200.0,
      "brain": {
        "input_size": 5,
        "hidden_size": 8,
        "output_size": 4,
        "weights_input_hidden": [
          [
            0.3847202684647536,
            0.08076253042409408,
            0.00883369635728618,
            -0.0698486570196227,
            0.5695657066452713,
            0.40700164626260926,
            -0.5626596690957346,
            1.3040580106081137
          ],
          [
            -0.28423402575171236,
            -0.6369968944090028,
            -1.0428251314896093,
            -0.7667180082197056,
            0.8105016921045908,
            -0.5442256741015663,
            0.46356430637542523,
            0.5428536263234182
          ],
          [
            -0.02842417333825461,
            -0.5473670202251404,
            0.8734447792958118,
            -0.0003211440395315748,
            -0.3021422439934635,
            -1.0987153238131024,
            0.0073081433580633555,
            0.41099102444938784
          ],
          [
            0.35874010698782643,
            0.33930371552886357,
            0.18975448122066896,
            -0.17512783882144517,
            -0.37347544376655106,
            0.23997650894978131,
            0.37829905816493464,
            0.003085375686199361
          ],
          [
            -0.03328320465588653,
            -0.945696082272813,
            -0.33938239725256547,
            -0.5882472390974302,
            0.2672316586081085,
            0.5642550963899586,
            -0.09607067979069737,
            0.6987634570387867
          ]
        ],
        "weights_hidden_output": [
          [
            -0.1912709506501661,
            -0.4585806259191348,
            0.14091818322190772,
            -1.2040307813006499
          ],
          [
            -0.6197989768095781,
            -0.34215708288432395,
            0.03418687240676349,
            -0.17696675458722988
          ],
          [
            -0.9263471699617378,
            -0.050742843720358796,
            0.3114925163128515,
            0.013606101702381738
          ],
          [
            0.09669913195944126,
            0.6701474693090048,
            -0.1838634516448769,
            0.682002718511155
          ],
          [
            -0.5701652562431868,
            0.5011127445390889,
            -0.31819865239271283,
            -1.0666333882890142
          ],
          [
            0.6831277206866724,
            -0.050019992799756566,
            -0.02024133038994992,
            -0.1476829107004469
          ],
          [
            -0.6879567010349914,
            -0.04025347694002837,
            -0.2178338499831026,
            -0.4627598510074014
          ],
          [
            -0.5770396877772985,
            -0.749916482446646,
            -1.103989808165534,
            -0.6263486702944105
          ]
        ],
        "bias_hidden": [
          0.0,
          0.0,
          0.0,
          0.0,
          0.0,
          0.0,
          0.0,
          0.0
        ],
        "bias_output": [
          0.0,
          0.0,
          0.0,
          0.0
        ]
      }
    },
    {
      "fitness": 0.0,
      "food_collected": 0,
      "distance_traveled": 0.0,
      "brain": {
        "input_size": 5,
        "hidden_size": 8,
        "output_size": 4,
        "weights_input_hidden": [
          [
            -0.06739118402591937,
            0.9419144631531,
            -0.7207844772247286,
            0.8784067254383597,
            -0.10235390366909958,
            -0.7417667733484151,
            1.2150138662902916,
            -0.02363333644222103
          ],
          [
            0.3997081759675537,
            -0.22348581649241983,
            -0.8848390372385204,
            -0.12651411777061652,
            -0.30794555468005497,
            -0.08606076781827468,
            1.2521241504251301,
            0.20549128289376772
          ],
          [
            -0.45181646881153964,
            -0.21838020775081377,
            -0.11024425097341359,
            0.1286547997138706,
            0.22238530439368676,
            0.3671395039842216,
            -0.15332220840324876,
            -0.21332793724427482
          ],
          [
            -0.2540886878469324,
            -0.37509017795359584,
            0.18242682308075242,
            -0.1445136413121028,
            -0.31008338721723916,
            -0.7651466309493639,
            0.44902394969340775,
            0.3772100994848096
          ],
          [
            0.30900597134180885,
            0.17382840268491553,
            0.07363966881959254,
            0.6587381181117814,
            0.043950659210513436,
            0.39977307939650136,
            0.2253283760352494,
            -0.5666437502890826
          ]
        ],
        "weights_hidden_output": [
          [
            -0.9462577081177233,
            0.32120221092361334,
            0.5214324943135912,
            -0.2676602785321047
          ],
          [
            -0.2815280149473443,
            -0.6717134276761846,
            -0.07869069208291647,
            -0.009248229178894618
          ],
          [
            0.5248285915535532,
            0.08450555319899798,
            -0.38789250951346493,
            -0.26504960042479436
          ],
          [
            0.28338758113888335,
            -0.28300122035843406,
            0.11832481866761074,
            -1.102289349698853
          ],
          [
            -0.15939855364646752,
            0.3393260931026127,
            0.4254649966426333,
            0.19802629130772892
          ],
          [
            -0.02231998212684028,
            0.12372201382694012,
            -0.41899696565904515,
            0.09209065198647041
          ],
          [
            -0.5828042568303266,
            0.12992690399833629,
            -0.045198013686944094,
            0.42063639182337065
          ],
          [
            0.4307966991269585,
            0.03368321632324075,
            -0.7710700204695398,
            -0.42269335654070384
          ]
        ],
        "bias_hidden": [
          0.0,
          0.0,
          0.0,
          0.0,
          0.0,
          0.0,
          0.0,
          0.0
        ],
        "bias_output": [
          0.0,
          0.0,
          0.0,
          0.0
        ]
      }
    },
    {
      "fitness": 0.0,
      "food_collected": 0,
      "distance_traveled": 0.0,
      "brain": {
        "input_size": 5,
        "hidden_size": 8,
        "output_size": 4,