{
  "timestamp": "20260109_194624",
  "generation": 4,
  "step": 1000,
  "best_fitness": 0.0,
  "count": 5,
  "networks": [
    {
      "fitness": 0.0,
      "food_collected": 0,
      "distance_traveled": 0.0,
      "brain": {
        "input_size": 5,
        "hidden_size": 8,
        "output_size": 4,
        "weights_input_hidden": [
          [
            -0.6406709301903906,
            -0.3560668325881238,
            0.2669328016529713,
            -0.9731529487947025,
            -0.2854070360989714,
            0.3584786872165601,
            0.11747320720289053,
            0.031610719941395825
          ],
          [
            -0.39344065218804763,
            -0.19113892574663105,
            -0.872208771550152,
            -0.20862802273814696,
            0.035868479724587614,
            -0.17925037656942022,
            0.04064911073167006,
            -0.8496691496995505
          ],
          [
            0.2697422975117355,
            -0.11969669720687694,
            -0.8947475843183239,
            -0.7087047281585146,
            -0.14557387584183032,
            -0.18753977243386089,
            0.6864418736204108,
            -0.9345318378399198
          ],
          [
            -0.7600858745472815,
            1.0525185205593892,
            -0.5333379222843183,
            -0.18030876857175696,
            -0.39630332458309064,
            0.13520364206607605,
            0.453849290110205,
            0.27736674006376594
          ],
          [
            0.5631155392164054,
            0.0728515949652803,
            -0.4839206604902896,
            0.622155474841719,
            -0.0008982981502092036,
            0.7450031842559682,
            -0.21197274707497507,
            -0.20136290496508677
          ]
        ],
        "weights_hidden_output": [
          [
            0.19792361855905363,
            0.44341502639559116,
            0.26109149314020047,
            -0.2378504203583089
          ],
          [
            1.079952414624491,
            0.6381225543098848,
            0.41661867765368266,
            -1.059569536964749
          ],
          [
            0.011275195313120946,
            0.19059035243519734,
            0.2587620251749249,
            -0.40936287402420685
          ],
          [
            -0.7719963483360125,
            -0.6313346660956245,
            -0.2526615054213785,
            -0.33707427037700344
          ],
          [
            -0.5786845511611822,
            -0.1994784336290517,
            -0.35380755810185593,
            -0.6223745498698863
          ],
          [
            0.27850410785058183,
            -0.09764572424535016,
            -0.49325946761662387,
            -0.7475996492862154
          ],
          [
            0.6578236338187211,
            -0.8393532294147673,
            -0.2403681463422379,
            0.2845484760243969
          ],
          [
            -0.1824990343698659,
            0.6247588248696456,
            0.23016034564873922,
            0.14617260356538544
          ]
        ],
        "bias_hidden": [
          0.0,
          0.0,
          0.0,
          0.0,
          0.0,
          0.0,
          0.0,
          0.0
        ],
        "bias_output": [
          0.0,
          0.0,
          0.0,
          0.0
        ]
      }
    },
    {
      "fitness": 0.0,
      "food_collected": 0,
      "distance_traveled": 0.0,
      "brain": {
        "input_size": 5,
        "hidden_size": 8,
        "output_size": 4,
        "weights_input_hidden": [
          [
            -0.0026103772128999005,
            -0.31011605914524554,
            -0.575632872245105,
            -0.6777776533050692,
            0.31830338271561526,
            -0.28501544016931013,
            -0.3503351764034132,
            0.19348958401740754
          ],
          [
            0.8076302205059721,
            -0.7340269186169238,
            -0.677937443032849,
            -0.6803652050305063,
            0.27164794944633014,
            -0.5310149475718553,
            1.012996698261975,
            -0.049899033775474506
          ],
          [
            0.1676259215054801,
            0.766306644780557,
            -0.08994070103202477,
            -0.4022246727438829,
            1.0339439625804465,
            0.6219501745679978,
            0.444588123422143,
            0.630330332494253
          ],
          [
            -0.6423916095036023,
            1.003901311564508,
            0.3272536003722133,
            0.1360229341082462,
            -0.36452980763104265,
            0.10981528135974822,
            -0.24382423218880395,
            -0.07057462178309788
          ],
          [
            -0.6830188195714628,
            -0.3004019651485878,
            0.3656147058641294,
            -0.39672009853989526,
            -0.00964452325048588,
            0.4520625700707522,
            -0.11634858742020882,
            -0.7224359970477038
          ]
        ],
        "weights_hidden_output": [
          [
            0.6470037304660119,
            -0.5647623686767002,
            -0.4051466038425992,
            -0.2513451354683373
          ],
          [
            -0.0013181268165711614,
            -0.37020246291327935,
            1.523266761023314,
            0.26498907274254174
          ],
          [
            -0.4972369431773763,
            -0.6594779457273376,
            -0.38915445307696483,
            -0.1846091058658925
          ],
          [
            -0.27057907793301045,
            0.9269732415731069,
            -0.03577651915605967,
            -0.18077261584419899
          ],
          [
            0.007217831743879734,
            0.44027657213746124,
            -0.21697009500053832,
            0.42570515610421766
          ],
          [
            0.31617066108625747,
            -0.3510932068632988,
            -0.024046814986271477,
            -0.5603254869712347
          ],
          [
            -1.2909896317035514,
            -0.2094269333157814,
            0.49825341563043524,
            -0.03087683843082968
          ],
          [
            0.3378388945880699,
            -0.013706295448492502,
            1.2636104489013984,
            0.6197595750037012
          ]
        ],
        "bias_hidden": [
          0.0,
          0.0,
          0.0,
          0.0,
          0.0,
          0.0,
          0.0,
          0.0
        ],
        "bias_output": [
          0.0,
          0.0,
          0.0,
          0.0
        ]
      }
    },
    {
      "fitness": 0.0,
      "food_collected": 0,
      "distance_traveled": 0.0,
      "brain": {
        "input_size": 5,
        "hidden_size": 8,
        "output_size": 4,