{
  "timestamp": "20260109_194622",
  "generation": 2,
  "step": 600,
  "best_fitness": 200.0,
  "count": 5,
  "networks": [
    {
      "fitness": 200.0,
      "food_collected": 1,
      "distance_traveled": 200.0,
      "brain": {
        "input_size": 5,
        "hidden_size": 8,
        "output_size": 4,
        "weights_input_hidden": [
          [
            0.17036135820923004,
            -0.9064978173049071,
            0.4439257827412204,
            0.30915226706307875,
            0.6017796981312907,
            1.2317986554198188,
            -0.024311762786169856,
            0.05747915006146815
          ],
          [
            -0.08468745501869146,
            -0.03572990992495931,
            -1.645708408791655,
            0.12878872370673322,
            0.06405165140371531,
            0.3894919251340874,
            -0.1020950386730685,
            0.22450044269391572
          ],
          [
            -0.8766083525531083,
            -0.27273588633111395,
            0.1911655900721275,
            1.2951315814833924,
            0.26225327029409706,
            -0.6310450328978489,
            -0.6289809096030219,
            -0.4695289145475491
          ],
          [
            -0.33743712832039485,
            -0.4654680216143323,
            -0.23817848447827064,
            1.00068735587088,
            -0.059370331422806524,
            0.5939142088641852,
            -0.4544405155242042,
            0.5475498445848779
          ],
          [
            0.5513525846989138,
            0.4394891336081454,
            -0.15527714265090675,
            0.7718643541602412,
            -0.4890715370531364,
            0.3846118065643527,
            -0.7786449627437952,
            -0.3751672961893442
          ]
        ],
        "weights_hidden_output": [
          [
            -0.049967739767230575,
            0.7916390576130081,
            0.2538429624232123,
            -0.164762744932494
          ],
          [
            -0.1454394815455383,
            -0.004450640949915794,
            0.07024621511787854,
            0.04423275169927223
          ],
          [
            -0.4969706927031259,
            -0.6426609310702346,
            0.1606982011960066,
            -0.9651762546798646
          ],
          [
            -0.3585391279616853,
            0.22915130108597312,
            0.04711210690195746,
            -0.5707487805353242
          ],
          [
            -0.20993466409740694,
            -0.05757322145957562,
            -0.5693157310171197,
            1.0414245693035373
          ],
          [
            -0.6594712253865903,
            0.053130487182785666,
            0.6938749078760409,
            0.3189385372604639
          ],
          [
            0.016153533434411626,
            -0.7474465052265861,
            0.4831439212793011,
            0.4769083519938654
          ],
          [
            0.6474820675513463,
            0.5406493593678728,
            0.2722423478037836,
            -0.15416026071819328
          ]
        ],
        "bias_hidden": [
          0.0,
          0.0,
          0.0,
          0.0,
          0.0,
          0.0,
          0.0,
          0.0
        ],
        "bias_output": [
          0.0,
          0.0,
          0.0,
          0.0
        ]
      }
    },
    {
      "fitness": 200.0,
      "food_collected": 1,
      "distance_traveled": 200.0,
      "brain": {
        "input_size": 5,
        "hidden_size": 8,
        "output_size": 4,
        "weights_input_hidden": [
          [
            0.2579207423338025,
            -0.12713996830337515,
            0.14951035307625604,
            -0.24476905430649276,
            0.21501639893303195,
            0.8170860568717891,
            -0.22684536228008945,
            -0.02440423176398877
          ],
          [
            0.01030605154522228,
            0.4136044622203515,
            0.17344844427579884,
            -1.054020095597356,
            0.8054256482132145,
            0.48955884214797407,
            -0.016143780249364054,
            -0.3485263260316347
          ],
          [
            0.05521749973291208,
            0.7561422738937785,
            -0.1116544501550378,
            -0.13631516787199102,
            0.00888713876547487,
            0.2455413510596245,
            -0.5123408045959276,
            0.17599234297694177
          ],
          [
            0.20290050932384174,
            -0.112961712157866,
            -0.11038763962619882,
            -0.07210826684138173,
            0.41469542867548354,
            -0.049965802110413834,
            0.4467167149583963,
            -0.809820435062935
          ],
          [
            -0.40874209768243414,
            -1.0467817837988478,
            0.011224310310662837,
            0.5379929648679428,
            0.573967538162365,
            0.681017103269694,
            0.4844408932599818,
            0.6848513656638976
          ]
        ],
        "weights_hidden_output": [
          [
            0.3292368482236818,
            -0.5239372230750086,
            0.9625658503815221,
            0.01669824304809608
          ],
          [
            -0.2452697557682553,
            -0.01979375591359564,
            0.009164058630997923,
            -0.09800470762263441
          ],
          [
            0.2731324096071558,
            -0.5949376863252973,
            -0.30082517185726265,
            0.09425319439790054
          ],
          [
            0.7221033505855811,
            -0.5959909228523567,
            0.7486864315376688,
            -0.5293919827471986
          ],
          [
            -0.6162851775064307,
            0.5987157156419752,
            -0.2403797185186046,
            -0.34588955730391113
          ],
          [
            -0.4072618191678725,
            -0.33413157321630593,
            -0.920667412805749,
            0.425899531403921
          ],
          [
            -0.18240797530578287,
            0.5952787516737656,
            -0.4355525239500307,
            0.18404127907575465
          ],
          [
            -0.269801883958822,
            0.06625906667481016,
            0.2643801298283826,
            -0.539035046346239
          ]
        ],
        "bias_hidden": [
          0.0,
          0.0,
          0.0,
          0.0,
          0.0,
          0.0,
          0.0,
          0.0
        ],
        "bias_output": [
          0.0,
          0.0,
          0.0,
          0.0
        ]
      }
    },
    {
      "fitness": 165.0,
      "food_collected": 2,
      "distance_traveled": 165.0,
      "brain": {
        "input_size": 5,
        "hidden_size": 8,
        "output_size": 4,