{
  "timestamp": "20260109_194628",
  "generation": 7,
  "step": 1600,
  "best_fitness": 200.0,
  "count": 5,
  "networks": [
    {
      "fitness": 200.0,
      "food_collected": 1,
      "distance_traveled": 200.0,
      "brain": {
        "input_size": 5,
        "hidden_size": 8,
        "output_size": 4,
        "weights_input_hidden": [
          [
            0.25025429655604464,
            0.0013341380664396425,
            -0.7042682586023244,
            0.06820186458626092,
            -0.6260764915307473,
            0.005580930477564137,
            -0.4223639038411588,
            -0.3157432142409246
          ],
          [
            -0.2561336452830378,
            -0.020805625714988632,
            -0.0865051331115133,
            1.2168654810947288,
            -0.5167935530180352,
            0.4698721320727996,
            -0.12737016346865554,
            0.02732440769010493
          ],
          [
            -0.2754052987503147,
            -1.1901605741860495,
            0.10722996151666411,
            -0.7787832008290874,
            0.4584988987478421,
            0.2837472149805376,
            0.000243129287799534,
            -0.6993286695729897
          ],
          [
            -1.034832328503574,
            0.41516757287697303,
            0.6067967896079589,
            0.10812241241071538,
            -0.40779869294548743,
            -0.011934929009678373,
            -0.20004736710350185,
            0.8426017254440434
          ],
          [
            -0.27432564295835443,
            -0.06742434298075965,
            0.39661775675989086,
            -0.04408362960593185,
            0.11082205300363518,
            -0.5173627501537571,
            -0.6033557402478041,
            0.5881738147467426
          ]
        ],
        "weights_hidden_output": [
          [
            0.11400646071369919,
            1.3818880692288502,
            0.24701122748338616,
            0.4327549704452977
          ],
          [
            0.012234779832976541,
            0.044452239008338404,
            -0.2974504047290996,
            0.15980726313803423
          ],
          [
            0.35172714662086335,
            -0.21113227316973188,
            0.01616823508358211,
            -0.4765632609957245
          ],
          [
            0.12236625433288506,
            0.07998516802076368,
            0.28816622489720145,
            0.36598347296348144
          ],
          [
            0.33713067396378493,
            0.6214742012046973,
            -0.16393208046982105,
            -0.4167262373807044
          ],
          [
            0.5949229900622487,
            0.4257961330532084,
            -0.14777929079830593,
            -0.7482234841099118
          ],
          [
            -0.12651005272029828,
            -0.7909993276920395,
            0.2969995089902715,
            0.1442529051553612
          ],
          [
            0.7859008434036082,
            0.07084199842644956,
            0.3135735766448884,
            -0.7186293474975427
          ]
        ],
        "bias_hidden": [
          0.0,
          0.0,
          0.0,
          0.0,
          0.0,
          0.0,
          0.0,
          0.0
        ],
        "bias_output": [
          0.0,
          0.0,
          0.0,
          0.0
        ]
      }
    },
    {
      "fitness": 188.0,
      "food_collected": 1,
      "distance_traveled": 188.0,
      "brain": {
        "input_size": 5,
        "hidden_size": 8,
        "output_size": 4,
        "weights_input_hidden": [
          [
            0.25025429655604464,
            0.0013341380664396425,
            -0.7042682586023244,
            0.06820186458626092,
            -0.6260764915307473,
            0.005580930477564137,
            -0.3075729554077462,
            -0.3157432142409246
          ],
          [
            -0.2561336452830378,
            -0.020805625714988632,
            -0.0865051331115133,
            1.2168654810947288,
            -0.5167935530180352,
            0.44627156723099154,
            -0.12737016346865554,
            0.02732440769010493
          ],
          [
            -0.3444954089848876,
            -1.1102456099214435,
            0.10722996151666411,
            -0.7787832008290874,
            0.4584988987478421,
            0.2837472149805376,
            0.000243129287799534,
            -0.810432537060945
          ],
          [
            -1.034832328503574,
            0.41516757287697303,
            0.6067967896079589,
            0.10812241241071538,
            -0.40779869294548743,
            -0.011934929009678373,
            -0.20004736710350185,
            0.8426017254440434
          ],
          [
            -0.27432564295835443,
            -0.06742434298075965,
            0.4067596690086827,
            -0.04408362960593185,
            0.11082205300363518,
            -0.5173627501537571,
            -0.6033557402478041,
            0.5881738147467426
          ]
        ],
        "weights_hidden_output": [
          [
            0.11400646071369919,
            1.3818880692288502,
            0.14351599478559382,
            0.4327549704452977
          ],
          [
            0.012234779832976541,
            0.044452239008338404,
            -0.2974504047290996,
            0.15980726313803423
          ],
          [
            0.35172714662086335,
            -0.21113227316973188,
            0.01616823508358211,
            -0.4765632609957245
          ],
          [
            0.039455204879724516,
            0.07998516802076368,
            0.28816622489720145,
            0.36598347296348144
          ],
          [
            0.3087789219190576,
            0.6214742012046973,
            -0.16393208046982105,
            -0.4167262373807044
          ],
          [
            0.5949229900622487,
            0.4257961330532084,
            -0.14777929079830593,
            -0.7482234841099118
          ],
          [
            -0.12651005272029828,
            -0.7909993276920395,
            0.2969995089902715,
            0.1442529051553612
          ],
          [
            0.7859008434036082,
            0.07084199842644956,
            0.3135735766448884,
            -0.7186293474975427
          ]
        ],
        "bias_hidden": [
          0.0,
          0.0,
          0.0,
          0.0,
          0.0,
          0.0,
          0.0,
          0.0
        ],
        "bias_output": [
          0.0,
          0.0,
          0.0,
          0.0
        ]
      }
    },
    {
      "fitness": 47.0,
      "food_collected": 1,
      "distance_traveled": 47.0,
      "brain": {
        "input_size": 5,
        "hidden_size": 8,
        "output_size": 4,