{
  "timestamp": "20260109_194623",
  "generation": 3,
  "step": 800,
  "best_fitness": 200.0,
  "count": 5,
  "networks": [
    {
      "fitness": 200.0,
      "food_collected": 1,
      "distance_traveled": 200.0,
      "brain": {
        "input_size": 5,
        "hidden_size": 8,
        "output_size": 4,
        "weights_input_hidden": [
          [
            -0.14190190774193415,
            -0.04960991994558802,
            1.1985143229217794,
            -0.6110256733713761,
            0.7759001421014587,
            -0.23368577045900327,
            0.21760038865612671,
            0.6448480311103097
          ],
          [
            -0.47941812856390487,
            0.06503707062854684,
            -1.0371795440176563,
            0.7519388889144883,
            0.5762796172850788,
            -0.3661868210231376,
            -1.1136000122677772,
            -0.21778239264966817
          ],
          [
            0.6000021221948489,
            0.6749083804987542,
            -0.19795230441380263,
            0.5307038487878074,
            -0.15347932322262217,
            -0.6102346739834985,
            -0.489911901520276,
            -0.12606635161182556
          ],
          [
            0.5142714437917651,
            -0.12911166642908842,
            0.17775764457134346,
            -0.6077839773188396,
            -0.1932818656273252,
            -0.6935762585821069,
            -0.1892783046418798,
            -0.584555752321823
          ],
          [
            0.21347173589656213,
            -0.09244408420823334,
            -0.196917476939341,
            -0.5499546692397781,
            -0.23054580879257794,
            0.23372522892191827,
            -0.5373661892096906,
            0.24505769830257212
          ]
        ],
        "weights_hidden_output": [
          [
            -0.3249139331083586,
            0.33030236026724863,
            0.24876994373987898,
            -0.6202389284036808
          ],
          [
            -0.3916011758232399,
            0.7199625164438463,
            -0.14763696676648366,
            0.44065826476766407
          ],
          [
            0.4979010551479977,
            0.5601215958404473,
            -0.5393867552283422,
            0.24590061320800266
          ],
          [
            0.6231144022794104,
            0.31723618019616356,
            -0.3540245210049905,
            -0.7839421850020241
          ],
          [
            -0.8787696980810329,
            -0.356791502841384,
            1.1011423471533648,
            0.295499680586843
          ],
          [
            0.1663017660448226,
            -0.04374080066888115,
            -0.6400915666514155,
            0.7063076068377946
          ],
          [
            -0.15991498334055504,
            0.1433099017351698,
            -0.4458682842989517,
            0.32480726140249877
          ],
          [
            0.34183999038593177,
            0.12562313694944985,
            0.5466019287536802,
            -0.03408771942936303
          ]
        ],
        "bias_hidden": [
          0.0,
          0.0,
          0.0,
          0.0,
          0.0,
          0.0,
          0.0,
          0.0
        ],
        "bias_output": [
          0.0,
          0.0,
          0.0,
          0.0
        ]
      }
    },
    {
      "fitness": 0.0,
      "food_collected": 0,
      "distance_traveled": 0.0,
      "brain": {
        "input_size": 5,
        "hidden_size": 8,
        "output_size": 4,
        "weights_input_hidden": [
          [
            -0.19905588132532018,
            -0.36922613483103006,
            -0.6740967529129743,
            0.08293869129290628,
            -0.22004240403907202,
            -0.5778551178673839,
            -0.38459368269143546,
            -0.3503792312361138
          ],
          [
            -0.11594276131152725,
            -0.5795589808614265,
            0.1815118439030409,
            -0.16654156214152754,
            0.5549911277902038,
            0.1651114009938563,
            -0.9079903898064317,
            -0.9135116515872597
          ],
          [
            -0.8396828097900665,
            -0.23684665580399306,
            -0.2409621577769322,
            -0.06807993510590536,
            -0.3258085598424551,
            0.43488833658445564,
            -0.4613362018527502,
            -0.30173463779558896
          ],
          [
            -0.11104874201561349,
            0.26916011965460424,
            -0.03543988685097839,
            -0.11772612543609917,
            -0.028429786658480588,
            -0.5670142353548899,
            -0.28868794185548496,
            -0.007715716824642845
          ],
          [
            -0.01212851522052518,
            -0.5643875624666416,
            -0.04734079336313754,
            1.4954285186533676,
            -0.5008254613980027,
            -0.24429725220233012,
            0.10774664472531506,
            -0.3404004768774413
          ]
        ],
        "weights_hidden_output": [
          [
            -0.09202752568520735,
            0.2883067009689222,
            0.47691893111050376,
            -0.14381806869102523
          ],
          [
            0.3964262191415024,
            0.22736597072181033,
            -0.12382790180550493,
            -0.6717101406903114
          ],
          [
            0.11646155885082617,
            0.051148925782695066,
            -0.09143441469138451,
            0.4136009222058128
          ],
          [
            -0.25862436863947674,
            0.353630183186836,
            -0.9496513187816098,
            0.08954619622318472
          ],
          [
            -0.3907585978817531,
            -0.0952217664416544,
            0.3947149758066611,
            0.07671140965001141
          ],
          [
            0.17264753075432465,
            0.17736402380890112,
            0.39548322671687136,
            -0.04506526067892844
          ],
          [
            -0.41585302652683215,
            -0.08959754382941194,
            -0.1359905115782059,
            0.529609784495263
          ],
          [
            0.04231038598997352,
            1.1116290630242283,
            -0.18928633301422113,
            0.5875681638435327
          ]
        ],
        "bias_hidden": [
          0.0,
          0.0,
          0.0,
          0.0,
          0.0,
          0.0,
          0.0,
          0.0
        ],
        "bias_output": [
          0.0,
          0.0,
          0.0,
          0.0
        ]
      }
    },
    {
      "fitness": 0.0,
      "food_collected": 0,
      "distance_traveled": 0.0,
      "brain": {
        "input_size": 5,
        "hidden_size": 8,
        "output_size": 4,