{
  "timestamp": "20260109_194626",
  "generation": 5,
  "step": 1200,
  "best_fitness": 0.0,
  "count": 5,
  "networks": [
    {
      "fitness": 0.0,
      "food_collected": 0,
      "distance_traveled": 0.0,
      "brain": {
        "input_size": 5,
        "hidden_size": 8,
        "output_size": 4,
        "weights_input_hidden": [
          [
            0.25025429655604464,
            0.0013341380664396425,
            -0.7042682586023244,
            0.06820186458626092,
            -0.6260764915307473,
            0.005580930477564137,
            -0.3075729554077462,
            -0.5594889131497722
          ],
          [
            -0.2561336452830378,
            -0.020805625714988632,
            -0.0865051331115133,
            1.1065974819739866,
            -0.5167935530180352,
            0.44627156723099154,
            -0.12737016346865554,
            0.02732440769010493
          ],
          [
            -0.3444954089848876,
            -1.1102456099214435,
            0.10722996151666411,
            -0.7787832008290874,
            0.4584988987478421,
            0.2837472149805376,
            0.000243129287799534,
            -0.810432537060945
          ],
          [
            -1.034832328503574,
            0.41516757287697303,
            0.6067967896079589,
            0.10812241241071538,
            -0.40779869294548743,
            -0.011934929009678373,
            -0.20004736710350185,
            0.8426017254440434
          ],
          [
            -0.27432564295835443,
            -0.06742434298075965,
            0.4067596690086827,
            -0.04408362960593185,
            0.11082205300363518,
            -0.5173627501537571,
            -0.6033557402478041,
            0.5881738147467426
          ]
        ],
        "weights_hidden_output": [
          [
            0.11400646071369919,
            1.3818880692288502,
            0.14351599478559382,
            0.4327549704452977
          ],
          [
            0.012234779832976541,
            0.044452239008338404,
            -0.2974504047290996,
            0.15980726313803423
          ],
          [
            0.35172714662086335,
            -0.3020559762517904,
            0.01616823508358211,
            -0.4765632609957245
          ],
          [
            0.039455204879724516,
            0.07998516802076368,
            0.28816622489720145,
            0.36598347296348144
          ],
          [
            0.3087789219190576,
            0.6214742012046973,
            -0.16393208046982105,
            -0.4167262373807044
          ],
          [
            0.5949229900622487,
            0.4257961330532084,
            -0.14777929079830593,
            -0.6979481612196485
          ],
          [
            -0.12651005272029828,
            -0.7909993276920395,
            0.2969995089902715,
            0.1442529051553612
          ],
          [
            0.7859008434036082,
            0.07084199842644956,
            0.3135735766448884,
            -0.7186293474975427
          ]
        ],
        "bias_hidden": [
          0.0,
          0.0,
          0.0,
          0.0,
          0.0,
          0.0,
          0.0,
          0.0
        ],
        "bias_output": [
          0.0,
          0.0,
          0.0,
          0.0
        ]
      }
    },
    {
      "fitness": 0.0,
      "food_collected": 0,
      "distance_traveled": 0.0,
      "brain": {
        "input_size": 5,
        "hidden_size": 8,
        "output_size": 4,
        "weights_input_hidden": [
          [
            -0.31853028106981296,
            -0.1442255407831132,
            -0.2470755730305136,
            -0.700738556128014,
            0.37068286613457707,
            -0.6275835642733618,
            -0.312641777101621,
            0.04048828761714827
          ],
          [
            -0.18622152163742065,
            1.0628308380798952,
            -0.024483242084292613,
            -0.3351584105762967,
            -0.38512748315578954,
            0.11535147416778285,
            -0.005278215829772466,
            0.4095264289867125
          ],
          [
            -0.3473160897008078,
            -0.12421691997888937,
            1.102298815167271,
            -0.41886534455496355,
            -0.5579975804261456,
            0.6873106174980534,
            -0.47503553603017956,
            0.9392895985857406
          ],
          [
            0.4474797431608103,
            -0.3284259206751145,
            0.5248142955756511,
            -0.31707442689711623,
            -0.1296641616028639,
            0.654556900373273,
            0.5656051207811235,
            -0.10946173988078613
          ],
          [
            0.3505194094470594,
            0.3801237819370914,
            0.2820060042508135,
            0.07244853235220639,
            0.31457828480384276,
            0.1653980954687421,
            -0.17387969976628984,
            0.30134290446989676
          ]
        ],
        "weights_hidden_output": [
          [
            -1.0786562916345455,
            0.1591132059191259,
            0.8778296486559416,
            -0.07083387155423744
          ],
          [
            -0.21276848222234096,
            -0.6357207718756688,
            0.35668433781232123,
            0.30200644962759465
          ],
          [
            0.36117593225076994,
            -0.17991951438566905,
            0.45539130386917837,
            -0.1876433993785832
          ],
          [
            -0.43352450089218386,
            -0.31238102581746435,
            -0.8899058397048625,
            0.13155678355625053
          ],
          [
            0.6214504200144448,
            0.6788660764148614,
            -0.889344941319706,
            0.324238377724716
          ],
          [
            -0.1705059950255564,
            0.08087829135055576,
            0.15278406297055222,
            -1.0736336226778105
          ],
          [
            -0.1378855004646855,
            -0.6683679774635559,
            0.1070063248164871,
            -0.7947704948361791
          ],
          [
            -0.7779290530084326,
            0.488955003539528,
            0.3349423499081636,
            -0.08794171117537285
          ]
        ],
        "bias_hidden": [
          0.0,
          0.0,
          0.0,
          0.0,
          0.0,
          0.0,
          0.0,
          0.0
        ],
        "bias_output": [
          0.0,
          0.0,
          0.0,
          0.0
        ]
      }
    },
    {
      "fitness": 0.0,
      "food_collected": 0,
      "distance_traveled": 0.0,
      "brain": {
        "input_size": 5,
        "hidden_size": 8,
        "output_size": 4,