{
  "timestamp": "20260109_194627",
  "generation": 6,
  "step": 1400,
  "best_fitness": 200.0,
  "count": 5,
  "networks": [
    {
      "fitness": 200.0,
      "food_collected": 1,
      "distance_traveled": 200.0,
      "brain": {
        "input_size": 5,
        "hidden_size": 8,
        "output_size": 4,
        "weights_input_hidden": [
          [
            0.25025429655604464,
            0.0013341380664396425,
            -0.7042682586023244,
            0.06820186458626092,
            -0.6260764915307473,
            0.005580930477564137,
            -0.3075729554077462,
            -0.3157432142409246
          ],
          [
            -0.2561336452830378,
            -0.020805625714988632,
            -0.0865051331115133,
            1.2168654810947288,
            -0.5167935530180352,
            0.44627156723099154,
            -0.12737016346865554,
            0.02732440769010493
          ],
          [
            -0.3444954089848876,
            -1.1102456099214435,
            0.10722996151666411,
            -0.7787832008290874,
            0.4584988987478421,
            0.2837472149805376,
            0.000243129287799534,
            -0.810432537060945
          ],
          [
            -1.034832328503574,
            0.41516757287697303,
            0.6067967896079589,
            0.10812241241071538,
            -0.40779869294548743,
            -0.011934929009678373,
            -0.20004736710350185,
            0.8426017254440434
          ],
          [
            -0.27432564295835443,
            -0.06742434298075965,
            0.4067596690086827,
            -0.04408362960593185,
            0.11082205300363518,
            -0.5173627501537571,
            -0.6033557402478041,
            0.5881738147467426
          ]
        ],
        "weights_hidden_output": [
          [
            0.11400646071369919,
            1.3818880692288502,
            0.14351599478559382,
            0.4327549704452977
          ],
          [
            0.012234779832976541,
            0.044452239008338404,
            -0.2974504047290996,
            0.15980726313803423
          ],
          [
            0.35172714662086335,
            -0.21113227316973188,
            0.01616823508358211,
            -0.4765632609957245
          ],
          [
            0.039455204879724516,
            0.07998516802076368,
            0.28816622489720145,
            0.36598347296348144
          ],
          [
            0.3087789219190576,
            0.6214742012046973,
            -0.16393208046982105,
            -0.4167262373807044
          ],
          [
            0.5949229900622487,
            0.4257961330532084,
            -0.14777929079830593,
            -0.7482234841099118
          ],
          [
            -0.12651005272029828,
            -0.7909993276920395,
            0.2969995089902715,
            0.1442529051553612
          ],
          [
            0.7859008434036082,
            0.07084199842644956,
            0.3135735766448884,
            -0.7186293474975427
          ]
        ],
        "bias_hidden": [
          0.0,
          0.0,
          0.0,
          0.0,
          0.0,
          0.0,
          0.0,
          0.0
        ],
        "bias_output": [
          0.0,
          0.0,
          0.0,
          0.0
        ]
      }
    },
    {
      "fitness": 200.0,
      "food_collected": 1,
      "distance_traveled": 200.0,
      "brain": {
        "input_size": 5,
        "hidden_size": 8,
        "output_size": 4,
        "weights_input_hidden": [
          [
            -0.3585890608519194,
            0.09781614562063567,
            0.20512525444495333,
            -0.2089421120525878,
            0.16029621487169393,
            -0.18974770892412007,
            0.43564877520306816,
            0.04225621098522218
          ],
          [
            0.2343962893726635,
            0.5564773866462723,
            0.1069025013111609,
            -0.029560494347009744,
            1.0623079464717802,
            -0.4793043091601546,
            0.23148059232031695,
            -1.3789372782254636
          ],
          [
            0.40412955029813286,
            -0.45544585323724307,
            -0.7091717209992842,
            0.313831397857159,
            -0.05036039378035978,
            0.5332945971454961,
            -0.40885676288572637,
            0.0780399058097877
          ],
          [
            0.4711790202750609,
            -0.11498724183758778,
            -0.25915834307238705,
            0.29016346665994974,
            0.454646504681458,
            -0.0702952151174828,
            -0.45735063745033633,
            0.1068942111510937
          ],
          [
            0.21034606327229896,
            -0.11666168768199023,
            -0.6050690699746213,
            0.3772380515196112,
            0.09938468337481034,
            0.5418326942674963,
            0.03806530172110414,
            0.20551443756762547
          ]
        ],
        "weights_hidden_output": [
          [
            -0.1846892105503435,
            -0.24849342938502295,
            -0.35212770297874657,
            0.6275424566571162
          ],
          [
            0.1662867050627129,
            0.6583925561007761,
            0.24976809027202432,
            0.4543674980710521
          ],
          [
            0.3733916146095898,
            -0.9441707964233689,
            -0.42173807139176295,
            -1.0338642569810212
          ],
          [
            -0.2914813855608474,
            0.1983186463165473,
            -0.04606380230480091,
            0.5859774534252401
          ],
          [
            -0.04154823997234274,
            -0.14380488382911072,
            0.2714054343466186,
            0.01659484622400057
          ],
          [
            -0.046899056459767864,
            0.9118076774903522,
            0.68148218238556,
            -0.1729848927941118
          ],
          [
            0.3984188563191408,
            0.36330238378084256,
            0.8919827688552954,
            -0.15595318684131662
          ],
          [
            0.6052014183482225,
            -0.534823328608025,
            -0.6937826523791016,
            -0.08395441096585074
          ]
        ],
        "bias_hidden": [
          0.0,
          0.0,
          0.0,
          0.0,
          0.0,
          0.0,
          0.0,
          0.0
        ],
        "bias_output": [
          0.0,
          0.0,
          0.0,
          0.0
        ]
      }
    },
    {
      "fitness": 180.0,
      "food_collected": 1,
      "distance_traveled": 180.0,
      "brain": {
        "input_size": 5,
        "hidden_size": 8,
        "output_size": 4,