{
  "timestamp": "20260109_194634",
  "generation": 10,
  "step": 2200,
  "best_fitness": 200.0,
  "count": 5,
  "networks": [
    {
      "fitness": 200.0,
      "food_collected": 1,
      "distance_traveled": 200.0,
      "brain": {
        "input_size": 5,
        "hidden_size": 8,
        "output_size": 4,
        "weights_input_hidden": [
          [
            -0.5418671576457279,
            0.26141265476648556,
            -0.5879007512605976,
            0.15061524123473385,
            -0.7057907911642778,
            0.21365002603387284,
            0.5642193774908889,
            -0.3849287749143187
          ],
          [
            1.2564666819281014,
            -0.09789157934532146,
            -0.49390375146109716,
            -0.14333851088407212,
            -0.8361208732520109,
            -0.11239944129860462,
            0.4532706579749418,
            0.042672437664921264
          ],
          [
            0.12741595920485563,
            -0.18382611459214215,
            -0.30110264173397633,
            -0.2405631670816731,
            -1.5994064558199348,
            0.37463917591008195,
            0.7302613971216307,
            -0.03460406206877479
          ],
          [
            0.3814283490700266,
            -0.10224221369649608,
            0.5664092017393036,
            0.449270101371824,
            0.6582558646215009,
            -0.708838511309934,
            -0.15064810768247702,
            -0.19347302399729643
          ],
          [
            -0.21146031972857848,
            -0.6100910405025187,
            -0.27350922761643603,
            -0.26593215944319315,
            0.3408344855923737,
            0.2736990364576102,
            -0.20628205244303108,
            -0.8405219317894967
          ]
        ],
        "weights_hidden_output": [
          [
            -0.36847191564976994,
            0.4031676913296982,
            0.31470706686472055,
            0.3798104231061728
          ],
          [
            0.1410608281095438,
            -0.1888669021827905,
            -0.18877425304985143,
            0.37946893971126405
          ],
          [
            -0.14002843659987693,
            -0.908249779558467,
            0.5655638885686073,
            0.11588827261088587
          ],
          [
            -0.1431127724414639,
            0.5967798844074029,
            -0.20810165863691374,
            0.21193166019030493
          ],
          [
            0.4352404634799273,
            -0.3362051429406194,
            -0.7943529231664708,
            -0.06953468875586714
          ],
          [
            -0.9507728264759489,
            0.5042422770091048,
            0.09245499655664031,
            -0.42794421398800075
          ],
          [
            0.22210307427027529,
            -0.9707506352985096,
            0.139155285791188,
            -0.073540428376597
          ],
          [
            -0.5845066952977793,
            -0.0847393520633819,
            0.2202785608916836,
            0.08739860323714894
          ]
        ],
        "bias_hidden": [
          0.0,
          0.0,
          0.0,
          0.0,
          0.0,
          0.0,
          0.0,
          0.0
        ],
        "bias_output": [
          0.0,
          0.0,
          0.0,
          0.0
        ]
      }
    },
    {
      "fitness": 200.0,
      "food_collected": 1,
      "distance_traveled": 200.0,
      "brain": {
        "input_size": 5,
        "hidden_size": 8,
        "output_size": 4,
        "weights_input_hidden": [
          [
            0.3629853536582143,
            0.0013341380664396425,
            -0.7042682586023244,
            0.06820186458626092,
            -0.6260764915307473,
            0.005580930477564137,
            -0.4223639038411588,
            -0.3157432142409246
          ],
          [
            -0.2561336452830378,
            -0.020805625714988632,
            -0.0865051331115133,
            1.2168654810947288,
            -0.5167935530180352,
            0.4698721320727996,
            -0.12737016346865554,
            0.02732440769010493
          ],
          [
            -0.2754052987503147,
            -1.1901605741860495,
            0.10722996151666411,
            -0.7787832008290874,
            0.4584988987478421,
            0.2837472149805376,
            0.000243129287799534,
            -0.6993286695729897
          ],
          [
            -1.034832328503574,
            0.41516757287697303,
            0.6067967896079589,
            0.10812241241071538,
            -0.3374659054812076,
            -0.011934929009678373,
            -0.20004736710350185,
            0.8616263192958391
          ],
          [
            -0.27432564295835443,
            -0.06742434298075965,
            0.39661775675989086,
            -0.04408362960593185,
            0.11082205300363518,
            -0.5173627501537571,
            -0.5959205766611838,
            0.5881738147467426
          ]
        ],
        "weights_hidden_output": [
          [
            0.11400646071369919,
            1.3818880692288502,
            0.24701122748338616,
            0.4327549704452977
          ],
          [
            0.012234779832976541,
            0.044452239008338404,
            -0.2974504047290996,
            0.15980726313803423
          ],
          [
            0.35172714662086335,
            -0.21113227316973188,
            0.01616823508358211,
            -0.4765632609957245
          ],
          [
            0.12236625433288506,
            0.07998516802076368,
            0.28816622489720145,
            0.324647696005146
          ],
          [
            0.3602061270357899,
            0.7334878244887735,
            -0.16393208046982105,
            -0.4167262373807044
          ],
          [
            0.5949229900622487,
            0.4257961330532084,
            -0.14777929079830593,
            -0.7482234841099118
          ],
          [
            -0.12651005272029828,
            -0.7909993276920395,
            0.2969995089902715,
            0.1442529051553612
          ],
          [
            0.6795548083248347,
            0.07084199842644956,
            0.1451994160290109,
            -0.7186293474975427
          ]
        ],
        "bias_hidden": [
          0.0,
          0.0,
          0.0,
          0.0,
          0.0,
          0.0,
          0.0,
          0.0
        ],
        "bias_output": [
          0.0,
          0.0,
          0.0,
          0.0
        ]
      }
    },
    {
      "fitness": 93.0,
      "food_collected": 1,
      "distance_traveled": 93.0,
      "brain": {
        "input_size": 5,
        "hidden_size": 8,
        "output_size": 4,